{
  "project_info": {
    "project_number": "411571729140",
    "firebase_url": "https://vortexview-1780f-default-rtdb.firebaseio.com",
    "project_id": "vortexview-1780f",
    "storage_bucket": "vortexview-1780f.appspot.com"
  },
  "client": [
    {
      "client_info": {
        "mobilesdk_app_id": "1:411571729140:android:ad115a2ce33c941be7e4a1",
        "android_client_info": {
          "package_name": "com.example.vertoxview"
        }
      },
      "oauth_client": [],
      "api_key": [
        {
          "current_key": "AIzaSyBOM0Ygmn0oEKnTnkOPoB7MSSkFQ1EdU6w"
        }
      ],
      "services": {
        "appinvite_service": {
          "other_platform_oauth_client": []
        }
      }
    }
  ],
  "configuration_version": "1"
}